,Round,Date,Account,Campaign name,Cost,Impressions,Clicks
0,,2024-02-01 00:00:00,Tovuti Inc,Coef - NB - LMS,2021.32,5506,440
1,,2024-02-01 00:00:00,Tovuti Inc,Coef - NB - Training,1410.37,1481,288
2,,2024-02-01 00:00:00,Tovuti Inc,Federal Campaign V 2.0,730,1319,111
3,,2024-02-01 00:00:00,Tovuti Inc,P-MAX Campaign 1 - Test V .5,1918.18,9336,354
4,,2024-02-01 00:00:00,Tovuti Inc,xCEL - [NB] - Industries,1925.3,5221,469
5,,2024-02-02 00:00:00,Tovuti Inc,Coef - NB - LMS,1950.73,4900,273
6,,2024-02-02 00:00:00,Tovuti Inc,Coef - NB - Training,1180.96,660,71
7,,2024-02-02 00:00:00,Tovuti Inc,Federal Campaign V 2.0,594.89,1015,62
8,,2024-02-02 00:00:00,Tovuti Inc,P-MAX Campaign 1 - Test V .5,2237.14,20646,542
9,,2024-02-02 00:00:00,Tovuti Inc,xCEL - [NB] - Industries,1090.3,1405,85
10,,2024-02-03 00:00:00,Tovuti Inc,Coef - NB - LMS,1944.34,5089,369
11,,2024-02-03 00:00:00,Tovuti Inc,Coef - NB - Training,936.09,840,212
12,,2024-02-03 00:00:00,Tovuti Inc,Federal Campaign V 2.0,577.09,553,60
13,,2024-02-03 00:00:00,Tovuti Inc,P-MAX Campaign 1 - Test V .5,1361.46,24560,723
14,,2024-02-03 00:00:00,Tovuti Inc,xCEL - [NB] - Industries,522.61,758,79
15,,2024-02-04 00:00:00,Tovuti Inc,Coef - NB - LMS,1943.56,5697,370
16,,2024-02-04 00:00:00,Tovuti Inc,Coef - NB - Training,1062.41,958,228
17,,2024-02-04 00:00:00,Tovuti Inc,Federal Campaign V 2.0,650.8,688,66
18,,2024-02-04 00:00:00,Tovuti Inc,P-MAX Campaign 1 - Test V .5,2673.13,93687,3692
19,,2024-02-04 00:00:00,Tovuti Inc,xCEL - [NB] - Industries,515.87,889,51
20,,2024-02-05 00:00:00,Tovuti Inc,Coef - NB - LMS,1726.43,3752,368
21,,2024-02-05 00:00:00,Tovuti Inc,Coef - NB - Training,688.69,585,118
22,,2024-02-05 00:00:00,Tovuti Inc,Federal Campaign V 2.0,470.46,883,76
23,,2024-02-05 00:00:00,Tovuti Inc,P-MAX Campaign 1 - Test V .5,1345.67,32365,1996
24,,2024-02-05 00:00:00,Tovuti Inc,xCEL - [NB] - Industries,460.23,1039,100
25,,2024-02-06 00:00:00,Tovuti Inc,Coef - NB - LMS,856.44,3015,363
26,,2024-02-06 00:00:00,Tovuti Inc,Coef - NB - Training,415.68,482,131
27,,2024-02-06 00:00:00,Tovuti Inc,Federal Campaign V 2.0,323.94,726,82
28,,2024-02-06 00:00:00,Tovuti Inc,P-MAX Campaign 1 - Test V .5,998.02,150747,2917
29,,2024-02-06 00:00:00,Tovuti Inc,xCEL - [NB] - Industries,200.67,1009,96
30,,2024-02-07 00:00:00,Tovuti Inc,Coef - NB - LMS,873.36,2361,162
31,,2024-02-07 00:00:00,Tovuti Inc,Coef - NB - Training,313.38,594,91
32,,2024-02-07 00:00:00,Tovuti Inc,Federal Campaign V 2.0,269.37,535,28
33,,2024-02-07 00:00:00,Tovuti Inc,P-MAX Campaign 1 - Test V .5,1060.06,22510,1132
34,,2024-02-07 00:00:00,Tovuti Inc,xCEL - [NB] - Industries,273.15,478,32
35,,2024-02-08 00:00:00,Tovuti Inc,Coef - NB - LMS,683.22,2281,192
36,,2024-02-08 00:00:00,Tovuti Inc,Coef - NB - Training,255.38,397,53
37,,2024-02-08 00:00:00,Tovuti Inc,Federal Campaign V 2.0,221.03,114,10
38,,2024-02-08 00:00:00,Tovuti Inc,P-MAX Campaign 1 - Test V .5,299.32,8001,519
39,,2024-02-08 00:00:00,Tovuti Inc,xCEL - [NB] - Industries,172.72,469,33
40,,2024-02-09 00:00:00,Tovuti Inc,Coef - NB - LMS,1220.62,1554,219
41,,2024-02-09 00:00:00,Tovuti Inc,Coef - NB - Training,227.95,333,65
42,,2024-02-09 00:00:00,Tovuti Inc,Federal Campaign V 2.0,249.72,572,54
43,,2024-02-09 00:00:00,Tovuti Inc,P-MAX Campaign 1 - Test V .5,141.98,1494,94
44,,2024-02-09 00:00:00,Tovuti Inc,xCEL - [NB] - Industries,195.26,472,48
45,,2024-02-10 00:00:00,Tovuti Inc,Coef - NB - LMS,1081.05,1376,162
46,,2024-02-10 00:00:00,Tovuti Inc,Coef - NB - Training,282.37,331,50
47,,2024-02-10 00:00:00,Tovuti Inc,Federal Campaign V 2.0,270.17,279,29
48,,2024-02-10 00:00:00,Tovuti Inc,P-MAX Campaign 1 - Test V .5,1854.93,65993,2151
49,,2024-02-10 00:00:00,Tovuti Inc,xCEL - [NB] - Industries,381.45,428,42
50,,2024-02-11 00:00:00,Tovuti Inc,Coef - NB - LMS,806.81,1276,138
51,,2024-02-11 00:00:00,Tovuti Inc,Coef - NB - Training,255.3,425,65
52,,2024-02-11 00:00:00,Tovuti Inc,Federal Campaign V 2.0,338.32,266,29
53,,2024-02-11 00:00:00,Tovuti Inc,P-MAX Campaign 1 - Test V .5,721.99,18711,741
54,,2024-02-11 00:00:00,Tovuti Inc,xCEL - [NB] - Industries,409.99,333,34
55,,2024-02-12 00:00:00,Tovuti Inc,Coef - NB - LMS,368.16,966,59
56,,2024-02-12 00:00:00,Tovuti Inc,Coef - NB - Training,407.68,648,88
57,,2024-02-12 00:00:00,Tovuti Inc,Federal Campaign V 2.0,258.94,422,39
58,,2024-02-12 00:00:00,Tovuti Inc,P-MAX Campaign 1 - Test V .5,1040.07,35608,1103
59,,2024-02-12 00:00:00,Tovuti Inc,xCEL - [NB] - Industries,246.64,320,33
60,,2024-02-13 00:00:00,Tovuti Inc,Coef - NB - LMS,761.63,1377,113
61,,2024-02-13 00:00:00,Tovuti Inc,Coef - NB - Training,382.14,923,84
62,,2024-02-13 00:00:00,Tovuti Inc,Federal Campaign V 2.0,297.6,400,35
63,,2024-02-13 00:00:00,Tovuti Inc,P-MAX Campaign 1 - Test V .5,1338.3,23032,1148
64,,2024-02-13 00:00:00,Tovuti Inc,xCEL - [NB] - Industries,239.58,294,35
65,,2024-02-14 00:00:00,Tovuti Inc,Coef - NB - LMS,724.98,1494,101
66,,2024-02-14 00:00:00,Tovuti Inc,Coef - NB - Training,178.05,387,28
67,,2024-02-14 00:00:00,Tovuti Inc,Federal Campaign V 2.0,110.91,271,15
68,,2024-02-14 00:00:00,Tovuti Inc,P-MAX Campaign 1 - Test V .5,451.36,7233,409
69,,2024-02-14 00:00:00,Tovuti Inc,xCEL - [NB] - Industries,53.89,128,10
70,,2024-02-15 00:00:00,Tovuti Inc,Coef - NB - LMS,901.54,2018,167
71,,2024-02-15 00:00:00,Tovuti Inc,Coef - NB - Training,367.64,513,47
72,,2024-02-15 00:00:00,Tovuti Inc,Federal Campaign V 2.0,98.27,202,7
73,,2024-02-15 00:00:00,Tovuti Inc,P-MAX Campaign 1 - Test V .5,1664.6,30689,1379
74,,2024-02-15 00:00:00,Tovuti Inc,xCEL - [NB] - Industries,103.17,184,13
75,,2024-02-16 00:00:00,Tovuti Inc,Coef - NB - LMS,319.59,918,63
76,,2024-02-16 00:00:00,Tovuti Inc,Coef - NB - Training,206.59,370,44
77,,2024-02-16 00:00:00,Tovuti Inc,Federal Campaign V 2.0,114.99,243,14
78,,2024-02-16 00:00:00,Tovuti Inc,P-MAX Campaign 1 - Test V .5,546.82,8179,534
79,,2024-02-16 00:00:00,Tovuti Inc,xCEL - [NB] - Industries,51.47,119,8
80,,2024-02-17 00:00:00,Tovuti Inc,Coef - NB - LMS,532.04,1058,88
81,,2024-02-17 00:00:00,Tovuti Inc,Coef - NB - Training,104.14,192,20
82,,2024-02-17 00:00:00,Tovuti Inc,Federal Campaign V 2.0,334.79,308,29
83,,2024-02-17 00:00:00,Tovuti Inc,P-MAX Campaign 1 - Test V .5,714.53,6402,1115
84,,2024-02-17 00:00:00,Tovuti Inc,xCEL - [NB] - Industries,438.84,401,58
85,,2024-02-18 00:00:00,Tovuti Inc,Coef - NB - LMS,1979.68,2316,265
86,,2024-02-18 00:00:00,Tovuti Inc,Coef - NB - Training,281.55,408,68
87,,2024-02-18 00:00:00,Tovuti Inc,Federal Campaign V 2.0,461.28,548,77
88,,2024-02-18 00:00:00,Tovuti Inc,P-MAX Campaign 1 - Test V .5,1022.78,20025,1328
89,,2024-02-18 00:00:00,Tovuti Inc,xCEL - [NB] - Industries,495.3,345,57
90,,2024-02-19 00:00:00,Tovuti Inc,Coef - NB - LMS,1652.5,2909,231
91,,2024-02-19 00:00:00,Tovuti Inc,Coef - NB - Training,452.41,465,87
92,,2024-02-19 00:00:00,Tovuti Inc,Federal Campaign V 2.0,285.52,91,27
93,,2024-02-19 00:00:00,Tovuti Inc,P-MAX Campaign 1 - Test V .5,588.12,6985,581
94,,2024-02-19 00:00:00,Tovuti Inc,xCEL - [NB] - Industries,306.97,419,44
95,,2024-02-20 00:00:00,Tovuti Inc,Coef - NB - LMS,894.88,1575,131
96,,2024-02-20 00:00:00,Tovuti Inc,Coef - NB - Training,347.18,396,62
97,,2024-02-20 00:00:00,Tovuti Inc,Federal Campaign V 2.0,264.79,429,48
98,,2024-02-20 00:00:00,Tovuti Inc,P-MAX Campaign 1 - Test V .5,690.88,6078,674
99,,2024-02-20 00:00:00,Tovuti Inc,xCEL - [NB] - Industries,275.38,429,57
100,,2024-02-21 00:00:00,Tovuti Inc,Coef - NB - LMS,886.03,1902,96
101,,2024-02-21 00:00:00,Tovuti Inc,Coef - NB - Training,366.81,445,67
102,,2024-02-21 00:00:00,Tovuti Inc,Federal Campaign V 2.0,591.21,520,61
103,,2024-02-21 00:00:00,Tovuti Inc,P-MAX Campaign 1 - Test V .5,997.64,15009,1136
104,,2024-02-21 00:00:00,Tovuti Inc,xCEL - [NB] - Industries,259.63,466,57
105,,2024-02-22 00:00:00,Tovuti Inc,Coef - NB - LMS,995.24,2326,174
106,,2024-02-22 00:00:00,Tovuti Inc,Coef - NB - Training,363.3,241,54
107,,2024-02-22 00:00:00,Tovuti Inc,Federal Campaign V 2.0,598.86,821,82
108,,2024-02-22 00:00:00,Tovuti Inc,P-MAX Campaign 1 - Test V .5,506.06,6863,510
109,,2024-02-22 00:00:00,Tovuti Inc,xCEL - [NB] - Industries,259.06,298,41
110,,2024-02-23 00:00:00,Tovuti Inc,Coef - NB - LMS,514.31,1457,99
111,,2024-02-23 00:00:00,Tovuti Inc,Coef - NB - Training,202.05,234,31
112,,2024-02-23 00:00:00,Tovuti Inc,Federal Campaign V 2.0,368.6,599,55
113,,2024-02-23 00:00:00,Tovuti Inc,P-MAX Campaign 1 - Test V .5,289.62,632,37
114,,2024-02-23 00:00:00,Tovuti Inc,xCEL - [NB] - Industries,826.55,657,109
115,,2024-02-24 00:00:00,Tovuti Inc,Coef - NB - LMS,532.28,841,90
116,,2024-02-24 00:00:00,Tovuti Inc,Coef - NB - Training,173.11,95,23
117,,2024-02-24 00:00:00,Tovuti Inc,Federal Campaign V 2.0,503.71,483,72
118,,2024-02-24 00:00:00,Tovuti Inc,P-MAX Campaign 1 - Test V .5,277.9,2198,153
119,,2024-02-24 00:00:00,Tovuti Inc,xCEL - [NB] - Industries,821.69,524,123
120,,2024-02-25 00:00:00,Tovuti Inc,Coef - NB - LMS,458.03,722,72
121,,2024-02-25 00:00:00,Tovuti Inc,Coef - NB - Training,221.67,88,18
122,,2024-02-25 00:00:00,Tovuti Inc,Federal Campaign V 2.0,586.59,456,64
123,,2024-02-25 00:00:00,Tovuti Inc,P-MAX Campaign 1 - Test V .5,1366.4,49117,3014
124,,2024-02-25 00:00:00,Tovuti Inc,xCEL - [NB] - Industries,977.94,472,130
125,,2024-02-26 00:00:00,Tovuti Inc,Coef - NB - LMS,607.74,494,60
126,,2024-02-26 00:00:00,Tovuti Inc,Coef - NB - Training,201.33,90,22
127,,2024-02-26 00:00:00,Tovuti Inc,Federal Campaign V 2.0,707.29,581,82
128,,2024-02-26 00:00:00,Tovuti Inc,P-MAX Campaign 1 - Test V .5,673.59,8558,838
129,,2024-02-26 00:00:00,Tovuti Inc,xCEL - [NB] - Industries,811.86,517,101
130,,2024-02-27 00:00:00,Tovuti Inc,Coef - NB - LMS,517.64,659,73
131,,2024-02-27 00:00:00,Tovuti Inc,Coef - NB - Training,199.62,57,15
132,,2024-02-27 00:00:00,Tovuti Inc,Federal Campaign V 2.0,495.1,285,48
133,,2024-02-27 00:00:00,Tovuti Inc,P-MAX Campaign 1 - Test V .5,1165.91,2577,99
134,,2024-02-27 00:00:00,Tovuti Inc,xCEL - [NB] - Industries,1634.45,577,207
135,,2024-02-28 00:00:00,Tovuti Inc,Coef - NB - LMS,645.76,310,85
136,,2024-02-28 00:00:00,Tovuti Inc,Coef - NB - Training,204.77,28,13
137,,2024-02-28 00:00:00,Tovuti Inc,Federal Campaign V 2.0,668.58,118,32
138,,2024-02-28 00:00:00,Tovuti Inc,P-MAX Campaign 1 - Test V .5,2067.89,3257,189
139,,2024-02-28 00:00:00,Tovuti Inc,xCEL - [NB] - Industries,1683.61,523,194
140,,2024-02-29 00:00:00,Tovuti Inc,Coef - NB - LMS,250.29,268,36
141,,2024-02-29 00:00:00,Tovuti Inc,Coef - NB - Training,119.87,25,12
142,,2024-02-29 00:00:00,Tovuti Inc,Federal Campaign V 2.0,350.4,105,29
143,,2024-02-29 00:00:00,Tovuti Inc,P-MAX Campaign 1 - Test V .5,202.3,245,32
144,,2024-02-29 00:00:00,Tovuti Inc,xCEL - [NB] - Industries,1331.24,499,160
145,,2024-03-01 00:00:00,Tovuti Inc,Coef - NB - LMS,2.34,16,1
146,,2024-03-01 00:00:00,Tovuti Inc,Coef - NB - Training,2.96,5,1
147,,2024-03-01 00:00:00,Tovuti Inc,Federal Campaign V 2.0,34.34,43,4
148,,2024-03-01 00:00:00,Tovuti Inc,P-MAX Campaign 1 - Test V .5,1177.06,19266,1218
149,,2024-03-01 00:00:00,Tovuti Inc,xCEL - [NB] - Industries,21.5,63,6
150,,2024-03-02 00:00:00,Tovuti Inc,Coef - NB - LMS,6.05,18,2
151,,2024-03-02 00:00:00,Tovuti Inc,Coef - NB - Training,0,5,0
152,,2024-03-02 00:00:00,Tovuti Inc,Federal Campaign V 2.0,0,15,0
153,,2024-03-02 00:00:00,Tovuti Inc,P-MAX Campaign 1 - Test V .5,16.52,363,16
154,,2024-03-02 00:00:00,Tovuti Inc,xCEL - [NB] - Industries,51.95,96,8
155,,2024-03-03 00:00:00,Tovuti Inc,Coef - NB - LMS,2655.21,1110,253
156,,2024-03-03 00:00:00,Tovuti Inc,Coef - NB - Training,1513.29,209,105
157,,2024-03-03 00:00:00,Tovuti Inc,Federal Campaign V 2.0,364.65,342,82
158,,2024-03-03 00:00:00,Tovuti Inc,P-MAX Campaign 1 - Test V .5,1248.72,5323,329
159,,2024-03-03 00:00:00,Tovuti Inc,xCEL - [NB] - Industries,1891.2,720,189
160,,2024-03-04 00:00:00,Tovuti Inc,Coef - NB - LMS,2855.68,1304,343
161,,2024-03-04 00:00:00,Tovuti Inc,Coef - NB - Training,1610.17,225,149
162,,2024-03-04 00:00:00,Tovuti Inc,Federal Campaign V 2.0,1258.62,1207,240
163,,2024-03-04 00:00:00,Tovuti Inc,P-MAX Campaign 1 - Test V .5,1971.43,15996,620
164,,2024-03-04 00:00:00,Tovuti Inc,xCEL - [NB] - Industries,975.17,472,131
165,,2024-03-05 00:00:00,Tovuti Inc,Coef - NB - LMS,1323.85,299,150
166,,2024-03-05 00:00:00,Tovuti Inc,Coef - NB - Training,702.91,106,69
167,,2024-03-05 00:00:00,Tovuti Inc,Federal Campaign V 2.0,1089.51,639,89
168,,2024-03-05 00:00:00,Tovuti Inc,P-MAX Campaign 1 - Test V .5,2673.59,163499,1687
169,,2024-03-05 00:00:00,Tovuti Inc,xCEL - [NB] - Industries,705.41,202,78
170,,2024-03-06 00:00:00,Tovuti Inc,Federal Campaign V 2.0,209.11,231,8
171,,2024-03-06 00:00:00,Tovuti Inc,LMS Non-Branded Search V1.0,2.61,4,2
172,,2024-03-07 00:00:00,Tovuti Inc,Federal Campaign V 2.0,22.26,39,1
173,,2024-03-07 00:00:00,Tovuti Inc,LMS Non-Branded Search V1.0,7.9,7,2
174,,2024-03-08 00:00:00,,,,,
175,,2024-03-09 00:00:00,,,,,
176,,2024-03-10 00:00:00,,,,,
177,,2024-03-11 00:00:00,,,,,
178,,2024-03-12 00:00:00,,,,,
179,,2024-03-13 00:00:00,,,,,
180,,2024-03-14 00:00:00,,,,,
181,,2024-03-15 00:00:00,,,,,
182,,2024-03-16 00:00:00,,,,,
183,,2024-03-17 00:00:00,,,,,
184,,2024-03-18 00:00:00,,,,,
185,,2024-03-19 00:00:00,,,,,
186,,2024-03-20 00:00:00,,,,,
187,,2024-03-21 00:00:00,,,,,
188,,2024-03-22 00:00:00,,,,,
189,,2024-03-23 00:00:00,,,,,
190,,2024-03-24 00:00:00,,,,,
191,,2024-03-25 00:00:00,,,,,
192,,2024-03-26 00:00:00,,,,,
193,,2024-03-27 00:00:00,,,,,
194,,2024-03-28 00:00:00,,,,,
195,,2024-03-29 00:00:00,,,,,
196,,2024-03-30 00:00:00,,,,,
197,,2024-03-31 00:00:00,,,,,
198,,2024-04-01 00:00:00,,,,,
199,,2024-04-02 00:00:00,,,,,
200,,2024-04-03 00:00:00,,,,,
201,,2024-04-04 00:00:00,,,,,
202,,2024-04-05 00:00:00,,,,,
203,,2024-04-06 00:00:00,,,,,
204,,2024-04-07 00:00:00,,,,,
205,,2024-04-08 00:00:00,,,,,
206,,2024-04-09 00:00:00,,,,,
207,,2024-04-10 00:00:00,,,,,
208,,2024-04-11 00:00:00,,,,,
209,,2024-04-12 00:00:00,,,,,
210,,2024-04-13 00:00:00,,,,,
211,,2024-04-14 00:00:00,,,,,
212,,2024-04-15 00:00:00,,,,,
213,,2024-04-16 00:00:00,,,,,
214,,2024-04-17 00:00:00,,,,,
215,,2024-04-18 00:00:00,,,,,
216,,2024-04-19 00:00:00,,,,,
217,,2024-04-20 00:00:00,,,,,
218,,2024-04-21 00:00:00,,,,,
219,,2024-04-22 00:00:00,,,,,
220,,2024-04-23 00:00:00,,,,,
221,,2024-04-24 00:00:00,,,,,
222,,2024-04-25 00:00:00,,,,,
223,,2024-04-26 00:00:00,,,,,
224,,2024-04-27 00:00:00,,,,,
225,,2024-04-28 00:00:00,,,,,
226,,2024-04-29 00:00:00,,,,,
227,,2024-04-30 00:00:00,,,,,
228,,2024-05-01 00:00:00,,,,,
229,,2024-05-02 00:00:00,,,,,
230,,2024-05-03 00:00:00,,,,,
231,,2024-05-04 00:00:00,,,,,
232,,2024-05-05 00:00:00,,,,,
233,,2024-05-06 00:00:00,,,,,
234,,2024-05-07 00:00:00,,,,,
235,,2024-05-08 00:00:00,,,,,
236,,2024-05-09 00:00:00,,,,,
237,,2024-05-10 00:00:00,,,,,
238,,2024-05-11 00:00:00,,,,,
239,,2024-05-12 00:00:00,,,,,
240,,2024-05-13 00:00:00,,,,,
241,,2024-05-14 00:00:00,,,,,
242,,2024-05-15 00:00:00,,,,,
243,,2024-05-16 00:00:00,,,,,
244,,2024-05-17 00:00:00,,,,,
245,,2024-05-18 00:00:00,,,,,
246,,2024-05-19 00:00:00,,,,,
247,,2024-05-20 00:00:00,,,,,
248,,2024-05-21 00:00:00,,,,,
249,,2024-05-22 00:00:00,,,,,
250,,2024-05-23 00:00:00,,,,,
251,,2024-05-24 00:00:00,,,,,
252,,2024-05-25 00:00:00,,,,,
253,,2024-05-26 00:00:00,,,,,
254,,2024-05-27 00:00:00,,,,,
255,,2024-05-28 00:00:00,,,,,
256,,2024-05-29 00:00:00,,,,,
257,,2024-05-30 00:00:00,,,,,
258,,2024-05-31 00:00:00,,,,,
259,,2024-06-01 00:00:00,,,,,
260,,2024-06-02 00:00:00,,,,,
261,,2024-06-03 00:00:00,,,,,
262,,2024-06-04 00:00:00,,,,,
263,,2024-06-05 00:00:00,,,,,
264,,2024-06-06 00:00:00,,,,,
265,,2024-06-07 00:00:00,Tovuti Inc,Coef - NB - Training,0,4,0
266,,2024-06-08 00:00:00,Tovuti Inc,Coef - B - Brand - Tovuti,1.16,2,1
267,,2024-06-08 00:00:00,Tovuti Inc,Coef - NB - Training,0,1,0
268,,2024-06-09 00:00:00,Tovuti Inc,Coef - B - Brand - Tovuti,0.56,2,1
269,,2024-06-09 00:00:00,Tovuti Inc,Coef - NB - Training,0,4,0
270,,2024-06-10 00:00:00,Tovuti Inc,Coef - B - Brand - Tovuti,31.77,40,11
271,,2024-06-10 00:00:00,Tovuti Inc,Coef - NB - Competitor,0,15,0
272,,2024-06-10 00:00:00,Tovuti Inc,Coef - NB - LMS,0,5,0
273,,2024-06-10 00:00:00,Tovuti Inc,Coef - NB - Training,31.17,142,8
274,,2024-06-11 00:00:00,Tovuti Inc,Coef - B - Brand - Tovuti,98.44,77,22
275,,2024-06-11 00:00:00,Tovuti Inc,Coef - NB - Competitor,72.98,76,7
276,,2024-06-11 00:00:00,Tovuti Inc,Coef - NB - LMS,6.25,56,1
277,,2024-06-11 00:00:00,Tovuti Inc,Coef - NB - Training,31.07,162,3
278,,2024-06-12 00:00:00,Tovuti Inc,Coef - B - Brand - Tovuti,43.76,75,13
279,,2024-06-12 00:00:00,Tovuti Inc,Coef - NB - Competitor,66.05,137,7
280,,2024-06-12 00:00:00,Tovuti Inc,Coef - NB - Industries,0,1,0
281,,2024-06-12 00:00:00,Tovuti Inc,Coef - NB - LMS,26.82,226,3
282,,2024-06-12 00:00:00,Tovuti Inc,Coef - NB - Training,247.22,580,25
283,,2024-06-13 00:00:00,Tovuti Inc,Coef - B - Brand - Tovuti,298,103,26
284,,2024-06-13 00:00:00,Tovuti Inc,Coef - NB - Competitor,162.56,363,17
285,,2024-06-13 00:00:00,Tovuti Inc,Coef - NB - Industries,121.13,294,9
286,,2024-06-13 00:00:00,Tovuti Inc,Coef - NB - LMS,335.54,1018,33
287,,2024-06-13 00:00:00,Tovuti Inc,Coef - NB - Training,729.83,2265,58
288,,2024-06-14 00:00:00,Tovuti Inc,Coef - B - Brand - Tovuti,236.04,94,23
289,,2024-06-14 00:00:00,Tovuti Inc,Coef - NB - Competitor,604.66,1010,46
290,,2024-06-14 00:00:00,Tovuti Inc,Coef - NB - Industries,969.21,352,15
291,,2024-06-14 00:00:00,Tovuti Inc,Coef - NB - LMS,1130.09,3450,93
292,,2024-06-14 00:00:00,Tovuti Inc,Coef - NB - Training,419.52,977,26
293,,2024-06-15 00:00:00,Tovuti Inc,Coef - B - Brand - Tovuti,55.54,22,11
294,,2024-06-15 00:00:00,Tovuti Inc,Coef - NB - Competitor,1286.99,1551,90
295,,2024-06-15 00:00:00,Tovuti Inc,Coef - NB - Industries,886.98,197,12
296,,2024-06-15 00:00:00,Tovuti Inc,Coef - NB - LMS,1877.96,1961,83
297,,2024-06-15 00:00:00,Tovuti Inc,Coef - NB - Training,419.88,638,30
298,,2024-06-16 00:00:00,Tovuti Inc,Coef - B - Brand - Tovuti,41.58,27,6
299,,2024-06-16 00:00:00,Tovuti Inc,Coef - NB - Competitor,1999.39,2200,133
300,,2024-06-16 00:00:00,Tovuti Inc,Coef - NB - Industries,265.14,100,7
301,,2024-06-16 00:00:00,Tovuti Inc,Coef - NB - LMS,221.93,877,31
302,,2024-06-16 00:00:00,Tovuti Inc,Coef - NB - Training,224.13,285,10
303,1,2024-06-17 00:00:00,Tovuti Inc,Coef - B - Brand - Tovuti,674.29,129,31
304,1,2024-06-17 00:00:00,Tovuti Inc,Coef - NB - Competitor,1999.7,2578,124
305,1,2024-06-17 00:00:00,Tovuti Inc,Coef - NB - Industries,266.75,248,13
306,1,2024-06-17 00:00:00,Tovuti Inc,Coef - NB - LMS,198.51,680,18
307,1,2024-06-17 00:00:00,Tovuti Inc,Coef - NB - Training,147.14,198,7
308,1,2024-06-18 00:00:00,Tovuti Inc,Coef - B - Brand - Tovuti,779.32,194,41
309,1,2024-06-18 00:00:00,Tovuti Inc,Coef - NB - Competitor,2015.58,1903,60
310,1,2024-06-18 00:00:00,Tovuti Inc,Coef - NB - Industries,252.31,459,15
311,1,2024-06-18 00:00:00,Tovuti Inc,Coef - NB - LMS,213.54,555,23
312,1,2024-06-18 00:00:00,Tovuti Inc,Coef - NB - Training,164.85,386,19
313,1,2024-06-19 00:00:00,Tovuti Inc,Coef - B - Brand - Tovuti,1441.63,196,71
314,1,2024-06-19 00:00:00,Tovuti Inc,Coef - NB - Competitor,1736.99,2002,47
315,1,2024-06-19 00:00:00,Tovuti Inc,Coef - NB - Industries,261.2,387,13
316,1,2024-06-19 00:00:00,Tovuti Inc,Coef - NB - LMS,227.01,802,28
317,1,2024-06-19 00:00:00,Tovuti Inc,Coef - NB - Training,145.49,487,15
318,1,2024-06-20 00:00:00,Tovuti Inc,Coef - B - Brand - Tovuti,1254.23,184,57
319,1,2024-06-20 00:00:00,Tovuti Inc,Coef - NB - Competitor,878.26,892,37
320,1,2024-06-20 00:00:00,Tovuti Inc,Coef - NB - Industries,262.93,196,6
321,1,2024-06-20 00:00:00,Tovuti Inc,Coef - NB - LMS,204.6,594,19
322,1,2024-06-20 00:00:00,Tovuti Inc,Coef - NB - Training,144.41,256,16
323,1,2024-06-21 00:00:00,Tovuti Inc,Coef - B - Brand - Tovuti,702.46,121,31
324,1,2024-06-21 00:00:00,Tovuti Inc,Coef - NB - Competitor,327.99,287,5
325,1,2024-06-21 00:00:00,Tovuti Inc,Coef - NB - Industries,251.44,542,18
326,1,2024-06-21 00:00:00,Tovuti Inc,Coef - NB - LMS,204.74,744,20
327,1,2024-06-21 00:00:00,Tovuti Inc,Coef - NB - Training,160.59,538,20
328,1,2024-06-22 00:00:00,Tovuti Inc,Coef - B - Brand - Tovuti,397.68,30,15
329,1,2024-06-22 00:00:00,Tovuti Inc,Coef - NB - Competitor,302.62,256,15
330,1,2024-06-22 00:00:00,Tovuti Inc,Coef - NB - Industries,302.6,186,12
331,1,2024-06-22 00:00:00,Tovuti Inc,Coef - NB - LMS,219.28,620,30
332,1,2024-06-22 00:00:00,Tovuti Inc,Coef - NB - Training,159.85,409,16
333,1,2024-06-23 00:00:00,Tovuti Inc,Coef - B - Brand - Tovuti,173.84,34,8
334,1,2024-06-23 00:00:00,Tovuti Inc,Coef - NB - Competitor,256.79,374,20
335,1,2024-06-23 00:00:00,Tovuti Inc,Coef - NB - Industries,175.87,165,8
336,1,2024-06-23 00:00:00,Tovuti Inc,Coef - NB - LMS,236.1,668,22
337,1,2024-06-23 00:00:00,Tovuti Inc,Coef - NB - Training,169.4,360,18
338,2,2024-06-24 00:00:00,Tovuti Inc,Coef - B - Brand - Tovuti,820.47,155,40
339,2,2024-06-24 00:00:00,Tovuti Inc,Coef - NB - Competitor,280.05,603,26
340,2,2024-06-24 00:00:00,Tovuti Inc,Coef - NB - Industries,370.89,458,21
341,2,2024-06-24 00:00:00,Tovuti Inc,Coef - NB - LMS,235.57,1135,29
342,2,2024-06-24 00:00:00,Tovuti Inc,Coef - NB - Training,174.24,420,20
343,2,2024-06-25 00:00:00,Tovuti Inc,Coef - B - Brand - Tovuti,659.59,138,40
344,2,2024-06-25 00:00:00,Tovuti Inc,Coef - NB - Competitor,305.72,449,18
345,2,2024-06-25 00:00:00,Tovuti Inc,Coef - NB - Industries,265.75,531,18
346,2,2024-06-25 00:00:00,Tovuti Inc,Coef - NB - LMS,253.6,1029,25
347,2,2024-06-25 00:00:00,Tovuti Inc,Coef - NB - Training,160.94,291,21
348,2,2024-06-26 00:00:00,Tovuti Inc,Coef - B - Brand - Tovuti,550.99,140,31
349,2,2024-06-26 00:00:00,Tovuti Inc,Coef - NB - Competitor,222.99,376,20
350,2,2024-06-26 00:00:00,Tovuti Inc,Coef - NB - Industries,140.15,449,9
351,2,2024-06-26 00:00:00,Tovuti Inc,Coef - NB - LMS,110.3,717,19
352,2,2024-06-26 00:00:00,Tovuti Inc,Coef - NB - Training,147.38,373,21
353,2,2024-06-27 00:00:00,Tovuti Inc,Coef - B - Brand - Tovuti,334.1,149,30
354,2,2024-06-27 00:00:00,Tovuti Inc,Coef - NB - Competitor,65.64,188,6
355,2,2024-06-27 00:00:00,Tovuti Inc,Coef - NB - Industries,73.69,89,4
356,2,2024-06-27 00:00:00,Tovuti Inc,Coef - NB - LMS,53.56,290,7
357,2,2024-06-27 00:00:00,Tovuti Inc,Coef - NB - Training,50.28,86,6
358,2,2024-06-28 00:00:00,Tovuti Inc,Coef - B - Brand - Tovuti,189.19,99,24
359,2,2024-06-28 00:00:00,Tovuti Inc,Coef - NB - Competitor,56.3,37,2
360,2,2024-06-28 00:00:00,Tovuti Inc,Coef - NB - Industries,34.65,64,2
361,2,2024-06-28 00:00:00,Tovuti Inc,Coef - NB - LMS,58.7,215,8
362,2,2024-06-28 00:00:00,Tovuti Inc,Coef - NB - Training,62.9,70,7
363,2,2024-06-29 00:00:00,Tovuti Inc,Coef - B - Brand - Tovuti,82.93,27,9
364,2,2024-06-29 00:00:00,Tovuti Inc,Coef - NB - Competitor,8.01,80,1
365,2,2024-06-29 00:00:00,Tovuti Inc,Coef - NB - Industries,0,15,0
366,2,2024-06-29 00:00:00,Tovuti Inc,Coef - NB - LMS,38.36,289,9
367,2,2024-06-29 00:00:00,Tovuti Inc,Coef - NB - Training,16.18,50,5
368,2,2024-06-30 00:00:00,Tovuti Inc,Coef - B - Brand - Tovuti,34.81,34,9
369,2,2024-06-30 00:00:00,Tovuti Inc,Coef - NB - Competitor,69.63,126,8
370,2,2024-06-30 00:00:00,Tovuti Inc,Coef - NB - Industries,80.54,117,4
371,2,2024-06-30 00:00:00,Tovuti Inc,Coef - NB - LMS,58.28,170,7
372,2,2024-06-30 00:00:00,Tovuti Inc,Coef - NB - Training,4.96,107,2
373,3,2024-07-01 00:00:00,Tovuti Inc,Coef - B - Brand - Tovuti,312.16,88,22
374,3,2024-07-01 00:00:00,Tovuti Inc,Coef - NB - Competitor,58.04,141,5
375,3,2024-07-01 00:00:00,Tovuti Inc,Coef - NB - Industries,39.2,395,5
376,3,2024-07-01 00:00:00,Tovuti Inc,Coef - NB - LMS,58.37,407,10
377,3,2024-07-01 00:00:00,Tovuti Inc,Coef - NB - Training,46,221,9
378,3,2024-07-02 00:00:00,Tovuti Inc,Coef - B - Brand - Tovuti,233.73,120,19
379,3,2024-07-02 00:00:00,Tovuti Inc,Coef - NB - Competitor,34.61,164,6
380,3,2024-07-02 00:00:00,Tovuti Inc,Coef - NB - Industries,62.25,118,5
381,3,2024-07-02 00:00:00,Tovuti Inc,Coef - NB - LMS,30.76,167,8
382,3,2024-07-02 00:00:00,Tovuti Inc,Coef - NB - Training,25.68,167,6
383,3,2024-07-03 00:00:00,Tovuti Inc,Coef - B - Brand - Tovuti,263.12,98,19
384,3,2024-07-03 00:00:00,Tovuti Inc,Coef - NB - Competitor,38.07,137,4
385,3,2024-07-03 00:00:00,Tovuti Inc,Coef - NB - Industries,53.24,164,4
386,3,2024-07-03 00:00:00,Tovuti Inc,Coef - NB - LMS,12.11,127,3
387,3,2024-07-03 00:00:00,Tovuti Inc,Coef - NB - Training,35.76,111,7
388,3,2024-07-04 00:00:00,Tovuti Inc,Coef - B - Brand - Tovuti,387.86,9,5
389,3,2024-07-04 00:00:00,Tovuti Inc,Coef - NB - Competitor,34.71,90,5
390,3,2024-07-04 00:00:00,Tovuti Inc,Coef - NB - Industries,64.48,75,5
391,3,2024-07-04 00:00:00,Tovuti Inc,Coef - NB - LMS,1.62,149,1
392,3,2024-07-04 00:00:00,Tovuti Inc,Coef - NB - Training,25.17,136,5
393,3,2024-07-05 00:00:00,Tovuti Inc,Coef - B - Brand - Tovuti,300.67,42,9
394,3,2024-07-05 00:00:00,Tovuti Inc,Coef - NB - Competitor,36.03,156,7
395,3,2024-07-05 00:00:00,Tovuti Inc,Coef - NB - Industries,72.51,29,2
396,3,2024-07-05 00:00:00,Tovuti Inc,Coef - NB - LMS,76.33,430,11
397,3,2024-07-05 00:00:00,Tovuti Inc,Coef - NB - Training,95.59,176,13
398,3,2024-07-06 00:00:00,Tovuti Inc,Coef - B - Brand - Tovuti,183.89,30,10
399,3,2024-07-06 00:00:00,Tovuti Inc,Coef - NB - Competitor,55.74,147,8
400,3,2024-07-06 00:00:00,Tovuti Inc,Coef - NB - Industries,21.97,15,1
401,3,2024-07-06 00:00:00,Tovuti Inc,Coef - NB - LMS,129.23,586,17
402,3,2024-07-06 00:00:00,Tovuti Inc,Coef - NB - Training,66.92,118,8
403,3,2024-07-07 00:00:00,Tovuti Inc,Coef - B - Brand - Tovuti,42.81,24,7
404,3,2024-07-07 00:00:00,Tovuti Inc,Coef - NB - Competitor,88.23,37,4
405,3,2024-07-07 00:00:00,Tovuti Inc,Coef - NB - Industries,28.3,34,3
406,3,2024-07-07 00:00:00,Tovuti Inc,Coef - NB - LMS,62.38,333,11
407,3,2024-07-07 00:00:00,Tovuti Inc,Coef - NB - Training,42.13,112,6
408,4,2024-07-08 00:00:00,Tovuti Inc,Coef - B - Brand - Tovuti,368.56,123,24
409,4,2024-07-08 00:00:00,Tovuti Inc,Coef - NB - Competitor,86.31,149,3
410,4,2024-07-08 00:00:00,Tovuti Inc,Coef - NB - Industries,73.4,119,5
411,4,2024-07-08 00:00:00,Tovuti Inc,Coef - NB - LMS,73.5,465,10
412,4,2024-07-08 00:00:00,Tovuti Inc,Coef - NB - Training,83,179,12
413,4,2024-07-09 00:00:00,Tovuti Inc,Coef - B - Brand - Tovuti,301.63,174,57
414,4,2024-07-09 00:00:00,Tovuti Inc,Coef - NB - Competitor,70.13,131,6
415,4,2024-07-09 00:00:00,Tovuti Inc,Coef - NB - Industries,59.81,126,4
416,4,2024-07-09 00:00:00,Tovuti Inc,Coef - NB - LMS,61.68,413,12
417,4,2024-07-09 00:00:00,Tovuti Inc,Coef - NB - Training,53.25,155,11
418,4,2024-07-10 00:00:00,Tovuti Inc,Coef - B - Brand - Tovuti,300.91,178,51
419,4,2024-07-10 00:00:00,Tovuti Inc,Coef - NB - Competitor,40.03,168,6
420,4,2024-07-10 00:00:00,Tovuti Inc,Coef - NB - Industries,58.55,73,7
421,4,2024-07-10 00:00:00,Tovuti Inc,Coef - NB - LMS,60.54,270,11
422,4,2024-07-10 00:00:00,Tovuti Inc,Coef - NB - Training,58.72,281,13
423,4,2024-07-11 00:00:00,Tovuti Inc,Coef - B - Brand - Tovuti,265.59,63,17
424,4,2024-07-11 00:00:00,Tovuti Inc,Coef - NB - Competitor,48.1,174,6
425,4,2024-07-11 00:00:00,Tovuti Inc,Coef - NB - Industries,58.69,163,3
426,4,2024-07-11 00:00:00,Tovuti Inc,Coef - NB - LMS,58.23,422,8
427,4,2024-07-11 00:00:00,Tovuti Inc,Coef - NB - Training,52.88,245,10
428,4,2024-07-12 00:00:00,Tovuti Inc,Coef - B - Brand - Tovuti,126.8,76,25
429,4,2024-07-12 00:00:00,Tovuti Inc,Coef - NB - Competitor,44.7,84,4
430,4,2024-07-12 00:00:00,Tovuti Inc,Coef - NB - Industries,14.43,168,2
431,4,2024-07-12 00:00:00,Tovuti Inc,Coef - NB - LMS,44.9,84,8
432,4,2024-07-12 00:00:00,Tovuti Inc,Coef - NB - Training,59.86,166,10
433,4,2024-07-13 00:00:00,Tovuti Inc,Coef - B - Brand - Tovuti,29.67,15,5
434,4,2024-07-13 00:00:00,Tovuti Inc,Coef - NB - Competitor,71.66,146,6
435,4,2024-07-13 00:00:00,Tovuti Inc,Coef - NB - Industries,41.03,66,4
436,4,2024-07-13 00:00:00,Tovuti Inc,Coef - NB - LMS,12.03,390,4
437,4,2024-07-13 00:00:00,Tovuti Inc,Coef - NB - Training,52.43,149,8
438,4,2024-07-14 00:00:00,Tovuti Inc,Coef - B - Brand - Tovuti,147.28,30,7
439,4,2024-07-14 00:00:00,Tovuti Inc,Coef - NB - Competitor,21.92,134,4
440,4,2024-07-14 00:00:00,Tovuti Inc,Coef - NB - Industries,20.91,63,2
441,4,2024-07-14 00:00:00,Tovuti Inc,Coef - NB - LMS,50.4,373,11
442,4,2024-07-14 00:00:00,Tovuti Inc,Coef - NB - Training,27.46,401,4
443,5,2024-07-15 00:00:00,Tovuti Inc,Coef - B - Brand - Tovuti,499.87,118,28
444,5,2024-07-15 00:00:00,Tovuti Inc,Coef - NB - Competitor,56.08,50,4
445,5,2024-07-15 00:00:00,Tovuti Inc,Coef - NB - Industries,99.57,348,8
446,5,2024-07-15 00:00:00,Tovuti Inc,Coef - NB - LMS,59.89,456,13
447,5,2024-07-15 00:00:00,Tovuti Inc,Coef - NB - Training,53.65,232,10
448,5,2024-07-16 00:00:00,Tovuti Inc,Coef - B - Brand - Tovuti,308.73,139,31
449,5,2024-07-16 00:00:00,Tovuti Inc,Coef - NB - Competitor,43.48,199,5
450,5,2024-07-16 00:00:00,Tovuti Inc,Coef - NB - Industries,72.42,227,8
451,5,2024-07-16 00:00:00,Tovuti Inc,Coef - NB - LMS,6.75,385,2
452,5,2024-07-16 00:00:00,Tovuti Inc,Coef - NB - Training,33.38,163,8
453,5,2024-07-17 00:00:00,Tovuti Inc,Coef - B - Brand - Tovuti,363.37,82,25
454,5,2024-07-17 00:00:00,Tovuti Inc,Coef - NB - Competitor,20.13,181,3
455,5,2024-07-17 00:00:00,Tovuti Inc,Coef - NB - Industries,44.12,211,7
456,5,2024-07-17 00:00:00,Tovuti Inc,Coef - NB - LMS,38.88,378,7
457,5,2024-07-17 00:00:00,Tovuti Inc,Coef - NB - Training,9.89,142,3
458,5,2024-07-18 00:00:00,Tovuti Inc,Coef - B - Brand - Tovuti,214.85,77,22
459,5,2024-07-18 00:00:00,Tovuti Inc,Coef - NB - Competitor,10.52,219,2
460,5,2024-07-18 00:00:00,Tovuti Inc,Coef - NB - Industries,39.46,219,5
461,5,2024-07-18 00:00:00,Tovuti Inc,Coef - NB - LMS,96.12,922,13
462,5,2024-07-18 00:00:00,Tovuti Inc,Coef - NB - Training,10.09,434,4
463,5,2024-07-19 00:00:00,Tovuti Inc,Coef - B - Brand - Tovuti,159.33,90,25
464,5,2024-07-19 00:00:00,Tovuti Inc,Coef - NB - Competitor,67.07,250,7
465,5,2024-07-19 00:00:00,Tovuti Inc,Coef - NB - Industries,58.99,83,2
466,5,2024-07-19 00:00:00,Tovuti Inc,Coef - NB - LMS,43.67,766,7
467,5,2024-07-19 00:00:00,Tovuti Inc,Coef - NB - Training,51.08,914,10
468,5,2024-07-20 00:00:00,Tovuti Inc,Coef - B - Brand - Tovuti,202.62,11,4
469,5,2024-07-20 00:00:00,Tovuti Inc,Coef - NB - Competitor,72.9,62,4
470,5,2024-07-20 00:00:00,Tovuti Inc,Coef - NB - Industries,23.85,128,5
471,5,2024-07-20 00:00:00,Tovuti Inc,Coef - NB - LMS,58.76,912,12
472,5,2024-07-20 00:00:00,Tovuti Inc,Coef - NB - Training,98.25,674,15
473,5,2024-07-21 00:00:00,Tovuti Inc,Coef - B - Brand - Tovuti,86.04,19,7
474,5,2024-07-21 00:00:00,Tovuti Inc,Coef - NB - Competitor,79.24,14,2
475,5,2024-07-21 00:00:00,Tovuti Inc,Coef - NB - Industries,43.73,75,6
476,5,2024-07-21 00:00:00,Tovuti Inc,Coef - NB - LMS,4.48,835,2
477,5,2024-07-21 00:00:00,Tovuti Inc,Coef - NB - Training,65.65,597,9
478,6,2024-07-22 00:00:00,Tovuti Inc,Coef - B - Brand - Tovuti,471.04,129,39
479,6,2024-07-22 00:00:00,Tovuti Inc,Coef - NB - Competitor,52.02,228,5
480,6,2024-07-22 00:00:00,Tovuti Inc,Coef - NB - Industries,73.43,264,7
481,6,2024-07-22 00:00:00,Tovuti Inc,Coef - NB - LMS,89.99,1194,13
482,6,2024-07-22 00:00:00,Tovuti Inc,Coef - NB - Training,66.25,1518,14
483,6,2024-07-23 00:00:00,Tovuti Inc,Coef - B - Brand - Tovuti,291.65,94,22
484,6,2024-07-23 00:00:00,Tovuti Inc,Coef - NB - Competitor,47.17,35,3
485,6,2024-07-23 00:00:00,Tovuti Inc,Coef - NB - Industries,49.7,293,6
486,6,2024-07-23 00:00:00,Tovuti Inc,Coef - NB - LMS,63.79,1199,12
487,6,2024-07-23 00:00:00,Tovuti Inc,Coef - NB - Training,51.16,2544,10
488,6,2024-07-24 00:00:00,Tovuti Inc,Coef - B - Brand - Tovuti,250.55,138,32
489,6,2024-07-24 00:00:00,Tovuti Inc,Coef - NB - Competitor,32.84,139,6
490,6,2024-07-24 00:00:00,Tovuti Inc,Coef - NB - Industries,34.81,125,3
491,6,2024-07-24 00:00:00,Tovuti Inc,Coef - NB - LMS,2.73,455,1
492,6,2024-07-24 00:00:00,Tovuti Inc,Coef - NB - Training,8.02,540,2
493,6,2024-07-25 00:00:00,Tovuti Inc,Coef - B - Brand - Tovuti,272.15,114,26
494,6,2024-07-25 00:00:00,Tovuti Inc,Coef - NB - Competitor,9.84,89,1
495,6,2024-07-25 00:00:00,Tovuti Inc,Coef - NB - Industries,4.13,142,1
496,6,2024-07-25 00:00:00,Tovuti Inc,Coef - NB - LMS,3.02,468,1
497,6,2024-07-25 00:00:00,Tovuti Inc,Coef - NB - Training,0,294,0
498,6,2024-07-26 00:00:00,Tovuti Inc,Coef - B - Brand - Tovuti,129.2,72,19
499,6,2024-07-26 00:00:00,Tovuti Inc,Coef - NB - Competitor,35.75,336,7
500,6,2024-07-26 00:00:00,Tovuti Inc,Coef - NB - Industries,78.22,123,4
501,6,2024-07-26 00:00:00,Tovuti Inc,Coef - NB - LMS,46.47,985,7
502,6,2024-07-26 00:00:00,Tovuti Inc,Coef - NB - Training,99.5,1837,14
503,6,2024-07-27 00:00:00,Tovuti Inc,Coef - B - Brand - Tovuti,39.76,22,7
504,6,2024-07-27 00:00:00,Tovuti Inc,Coef - NB - Competitor,37.53,147,3
505,6,2024-07-27 00:00:00,Tovuti Inc,Coef - NB - Industries,12.73,104,2
506,6,2024-07-27 00:00:00,Tovuti Inc,Coef - NB - LMS,11.65,942,3
507,6,2024-07-27 00:00:00,Tovuti Inc,Coef - NB - Training,15.66,1338,3
508,6,2024-07-28 00:00:00,Tovuti Inc,Coef - B - Brand - Tovuti,28.33,17,4
509,6,2024-07-28 00:00:00,Tovuti Inc,Coef - NB - Competitor,75.59,171,5
510,6,2024-07-28 00:00:00,Tovuti Inc,Coef - NB - Industries,117.58,173,7
511,6,2024-07-28 00:00:00,Tovuti Inc,Coef - NB - LMS,26.11,1035,7
512,6,2024-07-28 00:00:00,Tovuti Inc,Coef - NB - Training,22.63,1847,6
513,7,2024-07-29 00:00:00,Tovuti Inc,Coef - B - Brand - Tovuti,499.62,163,33
514,7,2024-07-29 00:00:00,Tovuti Inc,Coef - NB - Competitor,74.02,370,6
515,7,2024-07-29 00:00:00,Tovuti Inc,Coef - NB - Industries,55.63,165,4
516,7,2024-07-29 00:00:00,Tovuti Inc,Coef - NB - LMS,99.24,2653,16
517,7,2024-07-29 00:00:00,Tovuti Inc,Coef - NB - Training,32.46,1966,5
518,7,2024-07-30 00:00:00,Tovuti Inc,Coef - B - Brand - Tovuti,229.87,109,26
519,7,2024-07-30 00:00:00,Tovuti Inc,Coef - NB - Competitor,52.36,146,5
520,7,2024-07-30 00:00:00,Tovuti Inc,Coef - NB - Industries,40.69,116,3
521,7,2024-07-30 00:00:00,Tovuti Inc,Coef - NB - LMS,99.81,1545,15
522,7,2024-07-30 00:00:00,Tovuti Inc,Coef - NB - Training,78.23,2340,12
523,7,2024-07-31 00:00:00,Tovuti Inc,Coef - B - Brand - Tovuti,288.34,83,29
524,7,2024-07-31 00:00:00,Tovuti Inc,Coef - NB - Competitor,24.73,90,5
525,7,2024-07-31 00:00:00,Tovuti Inc,Coef - NB - Industries,18.54,103,3
526,7,2024-07-31 00:00:00,Tovuti Inc,Coef - NB - LMS,65.47,1107,10
527,7,2024-07-31 00:00:00,Tovuti Inc,Coef - NB - Training,98.9,2879,18
528,7,2024-08-01 00:00:00,Tovuti Inc,Coef - B - Brand - Tovuti,402.62,149,35
529,7,2024-08-01 00:00:00,Tovuti Inc,Coef - NB - Competitor,73.16,338,8
530,7,2024-08-01 00:00:00,Tovuti Inc,Coef - NB - Industries,73.73,288,5
531,7,2024-08-01 00:00:00,Tovuti Inc,Coef - NB - LMS,72.37,976,12
532,7,2024-08-01 00:00:00,Tovuti Inc,Coef - NB - Training,73.78,1286,14
533,7,2024-08-02 00:00:00,Tovuti Inc,Coef - B - Brand - Tovuti,167.31,45,11
534,7,2024-08-02 00:00:00,Tovuti Inc,Coef - NB - Competitor,52.52,156,7
535,7,2024-08-02 00:00:00,Tovuti Inc,Coef - NB - Industries,45.34,130,7
536,7,2024-08-02 00:00:00,Tovuti Inc,Coef - NB - LMS,53.37,823,11
537,7,2024-08-02 00:00:00,Tovuti Inc,Coef - NB - Training,64.26,931,13
538,7,2024-08-03 00:00:00,Tovuti Inc,Coef - B - Brand - Tovuti,0,14,0
539,7,2024-08-03 00:00:00,Tovuti Inc,Coef - NB - Competitor,54.47,38,3
540,7,2024-08-03 00:00:00,Tovuti Inc,Coef - NB - Industries,37.31,44,3
541,7,2024-08-03 00:00:00,Tovuti Inc,Coef - NB - LMS,22.95,534,6
542,7,2024-08-03 00:00:00,Tovuti Inc,Coef - NB - Training,0,690,0
543,7,2024-08-04 00:00:00,Tovuti Inc,Coef - B - Brand - Tovuti,18.35,29,4
544,7,2024-08-04 00:00:00,Tovuti Inc,Coef - NB - Competitor,7.35,72,2
545,7,2024-08-04 00:00:00,Tovuti Inc,Coef - NB - Industries,47.59,38,5
546,7,2024-08-04 00:00:00,Tovuti Inc,Coef - NB - LMS,5.96,681,2
547,7,2024-08-04 00:00:00,Tovuti Inc,Coef - NB - Training,49.41,499,5
548,8,2024-08-05 00:00:00,Tovuti Inc,Coef - B - Brand - Tovuti,499.99,68,15
549,8,2024-08-05 00:00:00,Tovuti Inc,Coef - NB - Competitor,47.13,250,6
550,8,2024-08-05 00:00:00,Tovuti Inc,Coef - NB - Industries,31.54,178,4
551,8,2024-08-05 00:00:00,Tovuti Inc,Coef - NB - LMS,38.18,872,7
552,8,2024-08-05 00:00:00,Tovuti Inc,Coef - NB - Training,76.02,1589,13
553,8,2024-08-06 00:00:00,Tovuti Inc,Coef - B - Brand - Tovuti,327.61,113,21
554,8,2024-08-06 00:00:00,Tovuti Inc,Coef - NB - Competitor,85.64,221,9
555,8,2024-08-06 00:00:00,Tovuti Inc,Coef - NB - Industries,79.39,283,6
556,8,2024-08-06 00:00:00,Tovuti Inc,Coef - NB - LMS,49.78,1087,10
557,8,2024-08-06 00:00:00,Tovuti Inc,Coef - NB - Training,72.5,1564,12
558,8,2024-08-07 00:00:00,Tovuti Inc,Coef - B - Brand - Tovuti,439.51,120,30
559,8,2024-08-07 00:00:00,Tovuti Inc,Coef - NB - Competitor,65.81,264,10
560,8,2024-08-07 00:00:00,Tovuti Inc,Coef - NB - Industries,33.27,439,4
561,8,2024-08-07 00:00:00,Tovuti Inc,Coef - NB - LMS,29.55,1116,8
562,8,2024-08-07 00:00:00,Tovuti Inc,Coef - NB - Training,58.78,1533,11
563,8,2024-08-08 00:00:00,Tovuti Inc,Coef - B - Brand - Tovuti,362.59,78,22
564,8,2024-08-08 00:00:00,Tovuti Inc,Coef - NB - Competitor,65.11,105,5
565,8,2024-08-08 00:00:00,Tovuti Inc,Coef - NB - Industries,68.33,161,6
566,8,2024-08-08 00:00:00,Tovuti Inc,Coef - NB - LMS,21.01,1412,5
567,8,2024-08-08 00:00:00,Tovuti Inc,Coef - NB - Training,46.89,2385,7
568,8,2024-08-09 00:00:00,Tovuti Inc,Coef - B - Brand - Tovuti,242.31,77,25
569,8,2024-08-09 00:00:00,Tovuti Inc,Coef - NB - Competitor,15.79,83,3
570,8,2024-08-09 00:00:00,Tovuti Inc,Coef - NB - Federal - HR,0,2,0
571,8,2024-08-09 00:00:00,Tovuti Inc,Coef - NB - Industries,11.89,165,2
572,8,2024-08-09 00:00:00,Tovuti Inc,Coef - NB - LMS,33.46,602,7
573,8,2024-08-09 00:00:00,Tovuti Inc,Coef - NB - Training,25.07,389,4
574,8,2024-08-10 00:00:00,Tovuti Inc,Coef - B - Brand - Tovuti,38.28,19,8
575,8,2024-08-10 00:00:00,Tovuti Inc,Coef - NB - Competitor,41.45,81,5
576,8,2024-08-10 00:00:00,Tovuti Inc,Coef - NB - Federal - HR,0,2,0
577,8,2024-08-10 00:00:00,Tovuti Inc,Coef - NB - Industries,58.82,191,8
578,8,2024-08-10 00:00:00,Tovuti Inc,Coef - NB - LMS,31.52,529,6
579,8,2024-08-10 00:00:00,Tovuti Inc,Coef - NB - Training,28.14,360,4
580,8,2024-08-11 00:00:00,Tovuti Inc,Coef - B - Brand - Tovuti,59.52,24,3
581,8,2024-08-11 00:00:00,Tovuti Inc,Coef - NB - Competitor,66.24,142,8
582,8,2024-08-11 00:00:00,Tovuti Inc,Coef - NB - Federal - HR,19.38,48,1
583,8,2024-08-11 00:00:00,Tovuti Inc,Coef - NB - Industries,52.87,128,3
584,8,2024-08-11 00:00:00,Tovuti Inc,Coef - NB - LMS,47.19,826,8
585,8,2024-08-11 00:00:00,Tovuti Inc,Coef - NB - Training,41.2,671,7
586,9,2024-08-12 00:00:00,Tovuti Inc,Coef - B - Brand - Tovuti,429.6,142,31
587,9,2024-08-12 00:00:00,Tovuti Inc,Coef - NB - Competitor,58.9,211,8
588,9,2024-08-12 00:00:00,Tovuti Inc,Coef - NB - Federal - HR,99.82,245,6
589,9,2024-08-12 00:00:00,Tovuti Inc,Coef - NB - Federal - LMS,35.34,49,3
590,9,2024-08-12 00:00:00,Tovuti Inc,Coef - NB - Federal - Talent Mgmt,0,2,0
591,9,2024-08-12 00:00:00,Tovuti Inc,Coef - NB - Industries,85.12,444,10
592,9,2024-08-12 00:00:00,Tovuti Inc,Coef - NB - LMS,99.78,994,16
593,9,2024-08-12 00:00:00,Tovuti Inc,Coef - NB - Training,44.93,675,6
594,9,2024-08-13 00:00:00,Tovuti Inc,Coef - B - Brand - Tovuti,378.9,146,23
595,9,2024-08-13 00:00:00,Tovuti Inc,Coef - NB - Competitor,156.81,409,14
596,9,2024-08-13 00:00:00,Tovuti Inc,Coef - NB - Federal - HR,90.36,89,3
597,9,2024-08-13 00:00:00,Tovuti Inc,Coef - NB - Federal - LMS,88.31,140,4
598,9,2024-08-13 00:00:00,Tovuti Inc,Coef - NB - Federal - Talent Mgmt,0,4,0
599,9,2024-08-13 00:00:00,Tovuti Inc,Coef - NB - Industries,211.47,263,9
600,9,2024-08-13 00:00:00,Tovuti Inc,Coef - NB - LMS,61.43,397,10
601,9,2024-08-13 00:00:00,Tovuti Inc,Coef - NB - Training,54.34,248,7
602,9,2024-08-14 00:00:00,,,,,
